{
  "120363401597700588@g.us": {
    "2025-06-28": {
      "628990936282@s.whatsapp.net": 10004,
      "6283141883691@s.whatsapp.net": 18,
      "6283846781034@s.whatsapp.net": 30,
      "6283824053944@s.whatsapp.net": 8,
      "6287749591642@s.whatsapp.net": 4
    },
    "2025-06-29": {
      "6283841635246@s.whatsapp.net": 4,
      "6283846781034@s.whatsapp.net": 10,
      "628990936282@s.whatsapp.net": 3,
      "6283141883691@s.whatsapp.net": 2
    },
    "2025-06-30": {
      "628990936282@s.whatsapp.net": 5,
      "6283141883691@s.whatsapp.net": 1,
      "6283846781034@s.whatsapp.net": 4,
      "6283129383751@s.whatsapp.net": 2,
      "6287749591642@s.whatsapp.net": 2
    }
  },
  "120363317747538414@g.us": {
    "2025-06-28": {
      "6285165468082@s.whatsapp.net": 275,
      "6287817101554@s.whatsapp.net": 31,
      "6281353671691@s.whatsapp.net": 1,
      "62881025585959@s.whatsapp.net": 66,
      "6287782517574@s.whatsapp.net": 101,
      "6289632919933@s.whatsapp.net": 2,
      "6283141883691@s.whatsapp.net": 155,
      "6283139464788@s.whatsapp.net": 1,
      "6289522225555@s.whatsapp.net": 3,
      "6281274601727@s.whatsapp.net": 12,
      "62882003788092@s.whatsapp.net": 2,
      "6282189104949@s.whatsapp.net": 1,
      "6285756964865@s.whatsapp.net": 2,
      "6282191407914@s.whatsapp.net": 2,
      "6288985273391@s.whatsapp.net": 1,
      "6285323741181@s.whatsapp.net": 19,
      "6281383408626@s.whatsapp.net": 22,
      "6289654110428@s.whatsapp.net": 1,
      "6285821519420@s.whatsapp.net": 1,
      "6285136787899@s.whatsapp.net": 316,
      "6281543377786@s.whatsapp.net": 1,
      "6285830782432@s.whatsapp.net": 4,
      "6285356304496@s.whatsapp.net": 10,
      "6282348233287@s.whatsapp.net": 2,
      "6282173072568@s.whatsapp.net": 8,
      "6282345667236@s.whatsapp.net": 1,
      "6287738212752@s.whatsapp.net": 3,
      "6283110130131@s.whatsapp.net": 2,
      "6283159227378@s.whatsapp.net": 6,
      "6283862557314@s.whatsapp.net": 1,
      "6285242840842@s.whatsapp.net": 1,
      "6285738004594@s.whatsapp.net": 2,
      "628895858941@s.whatsapp.net": 1,
      "6283848706380@s.whatsapp.net": 1,
      "6285281936670@s.whatsapp.net": 1,
      "6289630503193@s.whatsapp.net": 1,
      "6285368985752@s.whatsapp.net": 2,
      "6285183063351@s.whatsapp.net": 4,
      "6282151272190@s.whatsapp.net": 6,
      "6289510343076@s.whatsapp.net": 1,
      "6281263620850@s.whatsapp.net": 6,
      "628977499678@s.whatsapp.net": 1,
      "6283183663642@s.whatsapp.net": 1,
      "62895321350805@s.whatsapp.net": 5,
      "6285731575558@s.whatsapp.net": 2,
      "6283162611612@s.whatsapp.net": 1,
      "6288295599275@s.whatsapp.net": 1,
      "6281916599653@s.whatsapp.net": 1,
      "6285848709044@s.whatsapp.net": 1,
      "6283138196949@s.whatsapp.net": 1,
      "6281249370501@s.whatsapp.net": 1,
      "6287821684552@s.whatsapp.net": 3,
      "6285355988721@s.whatsapp.net": 1
    },
    "2025-06-29": {
      "6285136787899@s.whatsapp.net": 334,
      "6287782517574@s.whatsapp.net": 93,
      "6285165468082@s.whatsapp.net": 62,
      "6282358835331@s.whatsapp.net": 4,
      "6288295599275@s.whatsapp.net": 236,
      "6281356630812@s.whatsapp.net": 1,
      "6283141883691@s.whatsapp.net": 376,
      "62881025585959@s.whatsapp.net": 30,
      "6289531875737@s.whatsapp.net": 5,
      "6281263620850@s.whatsapp.net": 2,
      "6287817101554@s.whatsapp.net": 31,
      "6287821684552@s.whatsapp.net": 3,
      "6283870192597@s.whatsapp.net": 1,
      "6281383408626@s.whatsapp.net": 7,
      "6285756964865@s.whatsapp.net": 2,
      "6285136178173@s.whatsapp.net": 1,
      "6282191407914@s.whatsapp.net": 2,
      "6285356304496@s.whatsapp.net": 11,
      "6283138196949@s.whatsapp.net": 10,
      "6285952912579@s.whatsapp.net": 143,
      "6285194844277@s.whatsapp.net": 2,
      "6283841614759@s.whatsapp.net": 2,
      "6281322435620@s.whatsapp.net": 1,
      "6281947913992@s.whatsapp.net": 4,
      "6283110130131@s.whatsapp.net": 5,
      "6283875090813@s.whatsapp.net": 1,
      "6281392582862@s.whatsapp.net": 2,
      "6289513435086@s.whatsapp.net": 231,
      "6281244477961@s.whatsapp.net": 2,
      "6281237135914@s.whatsapp.net": 7,
      "6287739447484@s.whatsapp.net": 6,
      "6285762525019@s.whatsapp.net": 2,
      "6281936602721@s.whatsapp.net": 3,
      "6282396558302@s.whatsapp.net": 1,
      "6285323741181@s.whatsapp.net": 40,
      "6283139464788@s.whatsapp.net": 24,
      "6283873057329@s.whatsapp.net": 22,
      "628884563202@s.whatsapp.net": 2,
      "6289522225555@s.whatsapp.net": 2,
      "6283862557314@s.whatsapp.net": 2,
      "6282225298231@s.whatsapp.net": 1,
      "6288991390674@s.whatsapp.net": 11,
      "6282173072568@s.whatsapp.net": 6,
      "6283159227378@s.whatsapp.net": 11,
      "6283848706380@s.whatsapp.net": 1,
      "6289524720632@s.whatsapp.net": 7,
      "6285710657309@s.whatsapp.net": 7,
      "6282125419491@s.whatsapp.net": 22,
      "6289630503193@s.whatsapp.net": 1,
      "628977499678@s.whatsapp.net": 2,
      "6287849410016@s.whatsapp.net": 1,
      "6289510343076@s.whatsapp.net": 1,
      "6287738212752@s.whatsapp.net": 1,
      "6283835342618@s.whatsapp.net": 35,
      "6285830782432@s.whatsapp.net": 5,
      "6285355988721@s.whatsapp.net": 28,
      "6283198034148@s.whatsapp.net": 6,
      "6285368985752@s.whatsapp.net": 6,
      "62895321350805@s.whatsapp.net": 3,
      "6285696494673@s.whatsapp.net": 59,
      "6285693800936@s.whatsapp.net": 6,
      "6282293301797@s.whatsapp.net": 2,
      "6287852036296@s.whatsapp.net": 4,
      "6287882231995@s.whatsapp.net": 1,
      "6285821519420@s.whatsapp.net": 4,
      "6282189065380@s.whatsapp.net": 2,
      "6288985273391@s.whatsapp.net": 1,
      "6289516195739@s.whatsapp.net": 1,
      "6285138224340@s.whatsapp.net": 2,
      "6282264100943@s.whatsapp.net": 4,
      "6283879638596@s.whatsapp.net": 1,
      "6285787054469@s.whatsapp.net": 1,
      "6281249370501@s.whatsapp.net": 2,
      "6285731575558@s.whatsapp.net": 2,
      "6285282181257@s.whatsapp.net": 3,
      "6283898061002@s.whatsapp.net": 1,
      "6285702343299@s.whatsapp.net": 50,
      "6281917464044@s.whatsapp.net": 2
    },
    "2025-06-30": {
      "6281947913992@s.whatsapp.net": 1,
      "6285702343299@s.whatsapp.net": 15,
      "6283141883691@s.whatsapp.net": 186,
      "6285756964865@s.whatsapp.net": 1,
      "6285129788780@s.whatsapp.net": 11,
      "6285731575558@s.whatsapp.net": 3,
      "6281237135914@s.whatsapp.net": 4,
      "6289516195739@s.whatsapp.net": 2,
      "6283159227378@s.whatsapp.net": 2,
      "6282173072568@s.whatsapp.net": 8,
      "6283835342618@s.whatsapp.net": 1,
      "6285397975347@s.whatsapp.net": 10,
      "6289525705618@s.whatsapp.net": 23,
      "6281215927510@s.whatsapp.net": 29,
      "6283139464788@s.whatsapp.net": 8,
      "6283873057329@s.whatsapp.net": 3,
      "6285281936670@s.whatsapp.net": 3,
      "6281235165376@s.whatsapp.net": 2,
      "6285165468082@s.whatsapp.net": 62,
      "6282189592639@s.whatsapp.net": 5,
      "62895321350805@s.whatsapp.net": 31,
      "6283128490306@s.whatsapp.net": 5,
      "6285725953452@s.whatsapp.net": 1,
      "6282151272190@s.whatsapp.net": 1,
      "6285821519420@s.whatsapp.net": 2,
      "6285696494673@s.whatsapp.net": 298,
      "6281383408626@s.whatsapp.net": 1,
      "6283136433676@s.whatsapp.net": 234,
      "6281539909033@s.whatsapp.net": 1,
      "6285722623184@s.whatsapp.net": 1,
      "6289630503193@s.whatsapp.net": 1,
      "628977499678@s.whatsapp.net": 1,
      "628884640480@s.whatsapp.net": 1,
      "6281392582862@s.whatsapp.net": 2,
      "6285795425554@s.whatsapp.net": 220,
      "6288271584463@s.whatsapp.net": 317,
      "6283874997968@s.whatsapp.net": 1,
      "6285782306274@s.whatsapp.net": 1,
      "6281244579712@s.whatsapp.net": 1,
      "6288985273391@s.whatsapp.net": 2,
      "6285830782432@s.whatsapp.net": 1,
      "6289653864007@s.whatsapp.net": 1,
      "6283870192597@s.whatsapp.net": 1,
      "6281237960193@s.whatsapp.net": 1,
      "6285850082561@s.whatsapp.net": 26,
      "628895858941@s.whatsapp.net": 2,
      "6282313745397@s.whatsapp.net": 5,
      "992178963146@s.whatsapp.net": 171,
      "6282306046222@s.whatsapp.net": 11,
      "6282120896607@s.whatsapp.net": 2,
      "6289687546020@s.whatsapp.net": 1,
      "6283878225370@s.whatsapp.net": 1,
      "6283834470840@s.whatsapp.net": 1,
      "6283878890023@s.whatsapp.net": 2,
      "62895383021453@s.whatsapp.net": 3,
      "62882022722530@s.whatsapp.net": 2,
      "62882009302293@s.whatsapp.net": 2,
      "6288705633152@s.whatsapp.net": 2,
      "6282125419491@s.whatsapp.net": 3,
      "6283898061002@s.whatsapp.net": 1,
      "6281288622293@s.whatsapp.net": 1,
      "6282358835331@s.whatsapp.net": 1,
      "6285182380423@s.whatsapp.net": 1,
      "6285960429646@s.whatsapp.net": 1,
      "62882003788092@s.whatsapp.net": 1,
      "6281339518235@s.whatsapp.net": 1
    },
    "2025-07-01": {
      "6285756964865@s.whatsapp.net": 2,
      "6285697658832@s.whatsapp.net": 3448,
      "6285696494673@s.whatsapp.net": 171,
      "992178963146@s.whatsapp.net": 151,
      "6283141883691@s.whatsapp.net": 96,
      "62895321350805@s.whatsapp.net": 1,
      "6283181989102@s.whatsapp.net": 8,
      "6283121709133@s.whatsapp.net": 1,
      "6285795425554@s.whatsapp.net": 28,
      "6288246838055@s.whatsapp.net": 254,
      "6282346025085@s.whatsapp.net": 1,
      "6289525705618@s.whatsapp.net": 5,
      "6281539909033@s.whatsapp.net": 18,
      "6285702727463@s.whatsapp.net": 1,
      "6282125419491@s.whatsapp.net": 2,
      "6288271584463@s.whatsapp.net": 322,
      "6283824215732@s.whatsapp.net": 48,
      "6283845650969@s.whatsapp.net": 2,
      "62882009302293@s.whatsapp.net": 2,
      "6285762525019@s.whatsapp.net": 6,
      "6282306046222@s.whatsapp.net": 7,
      "6285242762420@s.whatsapp.net": 10,
      "6281392582862@s.whatsapp.net": 15,
      "6289630503193@s.whatsapp.net": 2,
      "628977499678@s.whatsapp.net": 2,
      "13863658905@s.whatsapp.net": 2,
      "6287738628384@s.whatsapp.net": 90,
      "6283835342618@s.whatsapp.net": 1,
      "62882003788092@s.whatsapp.net": 4,
      "6285355988721@s.whatsapp.net": 25,
      "6281235165376@s.whatsapp.net": 4,
      "6281288622293@s.whatsapp.net": 3,
      "6283153481817@s.whatsapp.net": 5,
      "6282249910319@s.whatsapp.net": 6,
      "6282196969141@s.whatsapp.net": 5,
      "6283878225370@s.whatsapp.net": 2,
      "6281294795213@s.whatsapp.net": 1,
      "62895619686072@s.whatsapp.net": 8,
      "6289531875737@s.whatsapp.net": 2,
      "6283139464788@s.whatsapp.net": 79,
      "6282396558302@s.whatsapp.net": 2,
      "6285782306274@s.whatsapp.net": 6,
      "6285718098967@s.whatsapp.net": 3,
      "6285723874847@s.whatsapp.net": 1,
      "6285784688352@s.whatsapp.net": 1,
      "6281383408626@s.whatsapp.net": 1
    },
    "2025-07-02": {
      "6283824215732@s.whatsapp.net": 73,
      "62895321170509@s.whatsapp.net": 2,
      "6287738628384@s.whatsapp.net": 69,
      "6288271584463@s.whatsapp.net": 37,
      "6283141883691@s.whatsapp.net": 33,
      "6285795425554@s.whatsapp.net": 41,
      "62895619686072@s.whatsapp.net": 19,
      "6281915562287@s.whatsapp.net": 2,
      "6283835342618@s.whatsapp.net": 1,
      "6288246978621@s.whatsapp.net": 1,
      "62887436076360@s.whatsapp.net": 1,
      "62882003788092@s.whatsapp.net": 1,
      "6289630528608@s.whatsapp.net": 24,
      "6282196969141@s.whatsapp.net": 1,
      "6283845650969@s.whatsapp.net": 1,
      "6289525705618@s.whatsapp.net": 2,
      "6282196709269@s.whatsapp.net": 2,
      "6285718098967@s.whatsapp.net": 1,
      "6281374882242@s.whatsapp.net": 1,
      "6281916299013@s.whatsapp.net": 1,
      "6285697658832@s.whatsapp.net": 795,
      "628977499678@s.whatsapp.net": 1,
      "6287762125971@s.whatsapp.net": 1,
      "6289630503193@s.whatsapp.net": 1,
      "6285784688352@s.whatsapp.net": 3,
      "6288246838055@s.whatsapp.net": 86,
      "6283159227378@s.whatsapp.net": 2
    }
  },
  "120363418835782470@g.us": {
    "2025-06-28": {
      "6282230084803@s.whatsapp.net": 5,
      "6288989435379@s.whatsapp.net": 12,
      "6285136787899@s.whatsapp.net": 145,
      "6288246838055@s.whatsapp.net": 139,
      "6285189077507@s.whatsapp.net": 234,
      "6281916299013@s.whatsapp.net": 37,
      "6283833990259@s.whatsapp.net": 3,
      "6283141883691@s.whatsapp.net": 327,
      "6285191029161@s.whatsapp.net": 15,
      "6285936637148@s.whatsapp.net": 2,
      "62882015068050@s.whatsapp.net": 18,
      "6283834470840@s.whatsapp.net": 2,
      "6283159227378@s.whatsapp.net": 52,
      "6283852155376@s.whatsapp.net": 1,
      "6281938116866@s.whatsapp.net": 1,
      "6285362195330@s.whatsapp.net": 3,
      "62895352120905@s.whatsapp.net": 1,
      "6281274830737@s.whatsapp.net": 2,
      "6285136717677@s.whatsapp.net": 24,
      "6287850981743@s.whatsapp.net": 2,
      "6285282813565@s.whatsapp.net": 1,
      "573168148738@s.whatsapp.net": 4,
      "6282240241707@s.whatsapp.net": 69,
      "6288707506804@s.whatsapp.net": 43,
      "6281215820291@s.whatsapp.net": 1,
      "6285329713771@s.whatsapp.net": 3,
      "6288222732681@s.whatsapp.net": 8,
      "6285137263532@s.whatsapp.net": 5,
      "6281228074561@s.whatsapp.net": 4,
      "6288291311133@s.whatsapp.net": 1,
      "628816574850@s.whatsapp.net": 1,
      "6283844393789@s.whatsapp.net": 65,
      "6289501519478@s.whatsapp.net": 23,
      "6281339518235@s.whatsapp.net": 4,
      "6282294459715@s.whatsapp.net": 49,
      "6282297221732@s.whatsapp.net": 19,
      "6281288622293@s.whatsapp.net": 30,
      "62895325587298@s.whatsapp.net": 1,
      "6282176243336@s.whatsapp.net": 57,
      "628176993072@s.whatsapp.net": 3
    },
    "2025-06-29": {
      "6288989435379@s.whatsapp.net": 10,
      "6283141883691@s.whatsapp.net": 202,
      "6285136787899@s.whatsapp.net": 217,
      "6285137263532@s.whatsapp.net": 27,
      "62895352120905@s.whatsapp.net": 2,
      "6287770170491@s.whatsapp.net": 12,
      "6282176243336@s.whatsapp.net": 795,
      "6282294459715@s.whatsapp.net": 191,
      "6285189077507@s.whatsapp.net": 25,
      "6288222732681@s.whatsapp.net": 3,
      "6289501519478@s.whatsapp.net": 31,
      "6285136717677@s.whatsapp.net": 33,
      "6283159227378@s.whatsapp.net": 29,
      "6285821519420@s.whatsapp.net": 2,
      "6285708713502@s.whatsapp.net": 1,
      "6283830152261@s.whatsapp.net": 5,
      "6288707506804@s.whatsapp.net": 4,
      "6288291761948@s.whatsapp.net": 1,
      "6285739737591@s.whatsapp.net": 1,
      "6281540090423@s.whatsapp.net": 9,
      "6282230084803@s.whatsapp.net": 11,
      "6283844393789@s.whatsapp.net": 20,
      "6283112269466@s.whatsapp.net": 1,
      "6281916299013@s.whatsapp.net": 3,
      "6282285733464@s.whatsapp.net": 7,
      "6282156724718@s.whatsapp.net": 8,
      "6281288622293@s.whatsapp.net": 11,
      "6283833990259@s.whatsapp.net": 9,
      "6289523068548@s.whatsapp.net": 6,
      "6288291311133@s.whatsapp.net": 1,
      "6285282813565@s.whatsapp.net": 16,
      "628816574850@s.whatsapp.net": 1,
      "6288246838055@s.whatsapp.net": 1708,
      "6282240241707@s.whatsapp.net": 1,
      "62882015068050@s.whatsapp.net": 6,
      "6283874530578@s.whatsapp.net": 1,
      "6281228074561@s.whatsapp.net": 3,
      "6287850981743@s.whatsapp.net": 9,
      "6283877489462@s.whatsapp.net": 4,
      "6281326520358@s.whatsapp.net": 4,
      "628176993072@s.whatsapp.net": 12,
      "6285762525019@s.whatsapp.net": 4,
      "6283136815164@s.whatsapp.net": 6,
      "6285885961576@s.whatsapp.net": 3,
      "6283873824557@s.whatsapp.net": 7,
      "6285143629901@s.whatsapp.net": 1,
      "6283151907798@s.whatsapp.net": 2,
      "6285329713771@s.whatsapp.net": 2,
      "6282130224265@s.whatsapp.net": 1,
      "6281460307659@s.whatsapp.net": 1
    },
    "2025-06-30": {
      "6285864220484@s.whatsapp.net": 6,
      "6283141883691@s.whatsapp.net": 276,
      "6285136787899@s.whatsapp.net": 173,
      "6281586685584@s.whatsapp.net": 24,
      "6282120896607@s.whatsapp.net": 22,
      "6283159227378@s.whatsapp.net": 52,
      "6289501519478@s.whatsapp.net": 35,
      "6282176243336@s.whatsapp.net": 9,
      "62882015068050@s.whatsapp.net": 17,
      "6283844393789@s.whatsapp.net": 21,
      "6288246838055@s.whatsapp.net": 10,
      "6283834470840@s.whatsapp.net": 8,
      "6283821951883@s.whatsapp.net": 1,
      "6282189592639@s.whatsapp.net": 3,
      "62887436076360@s.whatsapp.net": 12,
      "6288707506804@s.whatsapp.net": 4,
      "6285781059712@s.whatsapp.net": 1,
      "6282294459715@s.whatsapp.net": 52,
      "6285821519420@s.whatsapp.net": 1,
      "628176993072@s.whatsapp.net": 1,
      "6287877411522@s.whatsapp.net": 5,
      "6285189077507@s.whatsapp.net": 469,
      "6282240241707@s.whatsapp.net": 5,
      "6289676493969@s.whatsapp.net": 3,
      "6281339518235@s.whatsapp.net": 1,
      "62882000244726@s.whatsapp.net": 1,
      "6289687546669@s.whatsapp.net": 16,
      "6289523068548@s.whatsapp.net": 4,
      "6288221630067@s.whatsapp.net": 5,
      "6285795425554@s.whatsapp.net": 128,
      "6285782306274@s.whatsapp.net": 8,
      "6281325903303@s.whatsapp.net": 1,
      "6281274830737@s.whatsapp.net": 1,
      "6285835014602@s.whatsapp.net": 30,
      "6285143629901@s.whatsapp.net": 5,
      "6289520546388@s.whatsapp.net": 2,
      "6288291761948@s.whatsapp.net": 7,
      "6283873824557@s.whatsapp.net": 7,
      "6288989435379@s.whatsapp.net": 1,
      "6283830152261@s.whatsapp.net": 2,
      "6287716555979@s.whatsapp.net": 5,
      "6285282813565@s.whatsapp.net": 8,
      "6283833990259@s.whatsapp.net": 3,
      "6283139096167@s.whatsapp.net": 1,
      "923103278551@s.whatsapp.net": 1,
      "6288272221366@s.whatsapp.net": 8,
      "6282285733464@s.whatsapp.net": 13,
      "6283874530578@s.whatsapp.net": 1,
      "6287770170491@s.whatsapp.net": 23,
      "6287850981743@s.whatsapp.net": 1,
      "6281540090423@s.whatsapp.net": 2,
      "6285702727463@s.whatsapp.net": 1,
      "6283877489462@s.whatsapp.net": 1,
      "6285166370226@s.whatsapp.net": 19,
      "6281356974921@s.whatsapp.net": 2,
      "6288705666357@s.whatsapp.net": 105,
      "628816574850@s.whatsapp.net": 2,
      "6285654809718@s.whatsapp.net": 4
    },
    "2025-07-01": {
      "6282120896607@s.whatsapp.net": 14,
      "6285697658832@s.whatsapp.net": 123,
      "6288705666357@s.whatsapp.net": 112,
      "6285702727463@s.whatsapp.net": 3,
      "6283141883691@s.whatsapp.net": 92,
      "6282176243336@s.whatsapp.net": 4,
      "6289501519478@s.whatsapp.net": 7,
      "6285136787899@s.whatsapp.net": 213,
      "6283830152261@s.whatsapp.net": 4,
      "628176993072@s.whatsapp.net": 1,
      "6285137263532@s.whatsapp.net": 9,
      "6287770170491@s.whatsapp.net": 66,
      "6288707506804@s.whatsapp.net": 3,
      "6281261959886@s.whatsapp.net": 12,
      "6281938116866@s.whatsapp.net": 2,
      "6288246838055@s.whatsapp.net": 3,
      "6282294459715@s.whatsapp.net": 280,
      "6283894536904@s.whatsapp.net": 1,
      "628886271534@s.whatsapp.net": 2,
      "6285143629901@s.whatsapp.net": 1,
      "6283159227378@s.whatsapp.net": 27,
      "6283834470840@s.whatsapp.net": 1,
      "6283824723878@s.whatsapp.net": 87,
      "6282129088177@s.whatsapp.net": 1,
      "6285782306274@s.whatsapp.net": 3,
      "6285189077507@s.whatsapp.net": 10,
      "628816574850@s.whatsapp.net": 8,
      "6282285733464@s.whatsapp.net": 2,
      "6287860681017@s.whatsapp.net": 1,
      "6288291761948@s.whatsapp.net": 1,
      "6283877489462@s.whatsapp.net": 2,
      "6285821519420@s.whatsapp.net": 1,
      "6283844393789@s.whatsapp.net": 11,
      "6288291311133@s.whatsapp.net": 2,
      "6285654809718@s.whatsapp.net": 1,
      "6288272221366@s.whatsapp.net": 2,
      "62881027241390@s.whatsapp.net": 6,
      "628818202100@s.whatsapp.net": 1,
      "62882015068050@s.whatsapp.net": 1,
      "6288271429720@s.whatsapp.net": 1
    },
    "2025-07-02": {
      "6283141883691@s.whatsapp.net": 108,
      "6283159227378@s.whatsapp.net": 52
    }
  },
  "120363418004895207@g.us": {
    "2025-06-28": {
      "6283159227378@s.whatsapp.net": 100123,
      "6283141883691@s.whatsapp.net": 301,
      "628990936282@s.whatsapp.net": 11
    },
    "2025-06-29": {
      "6283159227378@s.whatsapp.net": 262,
      "6283141883691@s.whatsapp.net": 565,
      "628990936282@s.whatsapp.net": 120
    },
    "2025-06-30": {
      "6283159227378@s.whatsapp.net": 23,
      "6283141883691@s.whatsapp.net": 12
    },
    "2025-07-01": {
      "6283159227378@s.whatsapp.net": 221,
      "6283141883691@s.whatsapp.net": 226,
      "628990936282@s.whatsapp.net": 19
    },
    "2025-07-02": {
      "6283159227378@s.whatsapp.net": 144,
      "6283141883691@s.whatsapp.net": 219,
      "628990936282@s.whatsapp.net": 4
    },
    "2025-07-03": {
      "6283159227378@s.whatsapp.net": 21,
      "6285703948838@s.whatsapp.net": 41,
      "628990936282@s.whatsapp.net": 16
    }
  },
  "120363419886117771@g.us": {
    "2025-06-28": {
      "250899658186941@lid": 1,
      "86591439691893@lid": 1,
      "230777719681147@lid": 1,
      "193587631358082@lid": 2,
      "219881471528970@lid": 3,
      "242885282775294@lid": 1,
      "179358471864379@lid": 1,
      "167207841566815@lid": 3,
      "1525350944854@lid": 4,
      "56238654111826@lid": 1,
      "132835319005212@lid": 1,
      "94090251243600@lid": 1
    },
    "2025-06-29": {
      "230777719681147@lid": 1,
      "242885282775294@lid": 4,
      "6283159227378@s.whatsapp.net": 2,
      "188661337456814@lid": 1,
      "79861309780088@lid": 1,
      "57613010133233@lid": 1,
      "67164715393256@lid": 1,
      "1525350944854@lid": 7,
      "47936599797882@lid": 1,
      "241674169106687@lid": 1,
      "183374199152689@lid": 3,
      "275831909789751@lid": 1,
      "32190830231781@lid": 1,
      "165339379822597@lid": 1,
      "230026184261760@lid": 3,
      "182102318407706@lid": 2,
      "187355600314508@lid": 2,
      "179358471864379@lid": 2,
      "278593070485692@lid": 1,
      "113155728482330@lid": 2,
      "8779030642943@lid": 1,
      "112695764340879@lid": 1,
      "205377232740589@lid": 2,
      "57437285531900@lid": 1,
      "54606214250543@lid": 1
    },
    "2025-06-30": {
      "6283159227378@s.whatsapp.net": 9,
      "188661337456814@lid": 2,
      "235557884014669@lid": 6,
      "201004972826859@lid": 1,
      "80290705895589@lid": 1,
      "193192427294961@lid": 1,
      "59112322822349@lid": 2,
      "4527180746964@lid": 3,
      "275831909789751@lid": 1,
      "81858251460812@lid": 3,
      "73852499525688@lid": 2,
      "179358471864379@lid": 2,
      "272967267295394@lid": 1,
      "275655816118400@lid": 1,
      "251556385546478@lid": 3,
      "153627154976838@lid": 2,
      "3801633280044@lid": 3,
      "174273230549201@lid": 5,
      "71988534108362@lid": 2,
      "165339379822597@lid": 3,
      "224313877749880@lid": 1,
      "108714698760306@lid": 1,
      "112695764340879@lid": 2,
      "183374199152689@lid": 4,
      "242885282775294@lid": 3,
      "277897789055019@lid": 3,
      "1525350944854@lid": 1,
      "54606214250543@lid": 1,
      "113155728482330@lid": 2,
      "167207841566815@lid": 2,
      "47936599797882@lid": 8,
      "193587631358082@lid": 1,
      "228415386996789@lid": 1,
      "67164715393256@lid": 2,
      "186290112864268@lid": 3,
      "51252163510497@lid": 2,
      "256276974014475@lid": 1
    },
    "2025-07-01": {
      "6283159227378@s.whatsapp.net": 7
    },
    "2025-07-02": {
      "6283159227378@s.whatsapp.net": 19
    }
  },
  "120363423106446401@g.us": {
    "2025-06-28": {
      "6289630503216@s.whatsapp.net": 2,
      "201095508949@s.whatsapp.net": 1
    },
    "2025-06-30": {
      "6281958344090@s.whatsapp.net": 1
    },
    "2025-07-01": {
      "6285777417605@s.whatsapp.net": 1,
      "6283141883691@s.whatsapp.net": 4,
      "6289630503216@s.whatsapp.net": 3
    },
    "2025-07-02": {
      "6289630503216@s.whatsapp.net": 1,
      "201095508949@s.whatsapp.net": 5,
      "6287712426130@s.whatsapp.net": 1
    }
  },
  "120363419567665335@g.us": {
    "2025-06-29": {
      "628813764850@s.whatsapp.net": 9,
      "6283141883691@s.whatsapp.net": 8,
      "6283159227378@s.whatsapp.net": 5,
      "62881027247687@s.whatsapp.net": 1
    },
    "2025-07-01": {
      "62881027247687@s.whatsapp.net": 1
    },
    "2025-07-02": {
      "62881027247687@s.whatsapp.net": 3,
      "6281337524883@s.whatsapp.net": 1
    }
  },
  "120363401836422012@g.us": {
    "2025-07-01": {
      "6283159227378@s.whatsapp.net": 3,
      "6283141883691@s.whatsapp.net": 1
    }
  }
}